# Copyright (C) 1991-2012 Altera Corporation
# Your use of Altera Corporation's design tools, logic functions 
# and other software and tools, and its AMPP partner logic 
# functions, and any output files from any of the foregoing 
# (including device programming or simulation files), and any 
# associated documentation or information are expressly subject 
# to the terms and conditions of the Altera Program License 
# Subscription Agreement, Altera MegaCore Function License 
# Agreement, or other applicable license agreement, including, 
# without limitation, that your use is for the sole purpose of 
# programming logic devices manufactured by Altera and sold by 
# Altera or its authorized distributors.  Please refer to the 
# applicable agreement for further details.

# Quartus II 32-bit Version 12.0 Build 263 08/02/2012 Service Pack 2 SJ Web Edition
# File: /home/gibi/code/quartus/fpga.csv
# Generated on: Sat Dec  8 20:48:58 2012

# Note: The column header names should not be changed if you wish to import this .csv file into the Quartus II software.

To,Direction,Location,I/O Bank,VREF Group,Fitter Location,I/O Standard,Reserved,Current Strength,Differential Pair
CLOCK_24,Input,PIN_B12,4,B4_N1,PIN_B12,,,,
CLOCK_27,Input,PIN_D12,3,B3_N0,PIN_D12,,,,
CLOCK_50,Input,PIN_L1,2,B2_N1,PIN_L1,,,,
EXT_CLOCK,Input,PIN_M21,6,B6_N0,PIN_M21,,,,
HEX0[6],Output,PIN_E2,2,B2_N1,PIN_E2,,,,
HEX0[5],Output,PIN_F1,2,B2_N1,PIN_F1,,,,
HEX0[4],Output,PIN_F2,2,B2_N1,PIN_F2,,,,
HEX0[3],Output,PIN_H1,2,B2_N1,PIN_H1,,,,
HEX0[2],Output,PIN_H2,2,B2_N1,PIN_H2,,,,
HEX0[1],Output,PIN_J1,2,B2_N1,PIN_J1,,,,
HEX0[0],Output,PIN_J2,2,B2_N1,PIN_J2,,,,
HEX1[6],Output,PIN_D1,2,B2_N0,PIN_D1,,,,
HEX1[5],Output,PIN_D2,2,B2_N0,PIN_D2,,,,
HEX1[4],Output,PIN_G3,2,B2_N0,PIN_G3,,,,
HEX1[3],Output,PIN_H4,2,B2_N0,PIN_H4,,,,
HEX1[2],Output,PIN_H5,2,B2_N0,PIN_H5,,,,
HEX1[1],Output,PIN_H6,2,B2_N0,PIN_H6,,,,
HEX1[0],Output,PIN_E1,2,B2_N1,PIN_E1,,,,
HEX2[6],Output,PIN_D3,2,B2_N0,PIN_D3,,,,
HEX2[5],Output,PIN_E4,2,B2_N0,PIN_E4,,,,
HEX2[4],Output,PIN_E3,2,B2_N0,PIN_E3,,,,
HEX2[3],Output,PIN_C1,2,B2_N0,PIN_C1,,,,
HEX2[2],Output,PIN_C2,2,B2_N0,PIN_C2,,,,
HEX2[1],Output,PIN_G6,2,B2_N0,PIN_G6,,,,
HEX2[0],Output,PIN_G5,2,B2_N0,PIN_G5,,,,
HEX3[6],Output,PIN_D4,2,B2_N0,PIN_D4,,,,
HEX3[5],Output,PIN_F3,2,B2_N0,PIN_F3,,,,
HEX3[4],Output,PIN_L8,2,B2_N1,PIN_L8,,,,
HEX3[3],Output,PIN_J4,2,B2_N1,PIN_J4,,,,
HEX3[2],Output,PIN_D6,2,B2_N0,PIN_D6,,,,
HEX3[1],Output,PIN_D5,2,B2_N0,PIN_D5,,,,
HEX3[0],Output,PIN_F4,2,B2_N0,PIN_F4,,,,
KEY[3],Input,PIN_T21,6,B6_N0,PIN_T21,,,,
KEY[2],Input,PIN_T22,6,B6_N0,PIN_T22,,,,
KEY[1],Input,PIN_R21,6,B6_N0,PIN_R21,,,,
KEY[0],Input,PIN_R22,6,B6_N0,PIN_R22,,,,
LEDG[7],Output,PIN_Y21,6,B6_N1,PIN_Y21,,,,
LEDG[6],Output,PIN_Y22,6,B6_N1,PIN_Y22,,,,
LEDG[5],Output,PIN_W21,6,B6_N1,PIN_W21,,,,
LEDG[4],Output,PIN_W22,6,B6_N1,PIN_W22,,,,
LEDG[3],Output,PIN_V21,6,B6_N1,PIN_V21,,,,
LEDG[2],Output,PIN_V22,6,B6_N1,PIN_V22,,,,
LEDG[1],Output,PIN_U21,6,B6_N1,PIN_U21,,,,
LEDG[0],Output,PIN_U22,6,B6_N1,PIN_U22,,,,
LEDR[9],Output,PIN_R17,6,B6_N1,PIN_R17,,,,
LEDR[8],Output,PIN_R18,6,B6_N0,PIN_R18,,,,
LEDR[7],Output,PIN_U18,6,B6_N1,PIN_U18,,,,
LEDR[6],Output,PIN_Y18,6,B6_N1,PIN_Y18,,,,
LEDR[5],Output,PIN_V19,6,B6_N1,PIN_V19,,,,
LEDR[4],Output,PIN_T18,6,B6_N1,PIN_T18,,,,
LEDR[3],Output,PIN_Y19,6,B6_N1,PIN_Y19,,,,
LEDR[2],Output,PIN_U19,6,B6_N1,PIN_U19,,,,
LEDR[1],Output,PIN_R19,6,B6_N0,PIN_R19,,,,
LEDR[0],Output,PIN_R20,6,B6_N0,PIN_R20,,,,
SW[9],Input,PIN_L2,2,B2_N1,PIN_L2,,,,
SW[8],Input,PIN_M1,1,B1_N0,PIN_M1,,,,
SW[7],Input,PIN_M2,1,B1_N0,PIN_M2,,,,
SW[6],Input,PIN_U11,8,B8_N0,PIN_U11,,,,
SW[5],Input,PIN_U12,8,B8_N0,PIN_U12,,,,
SW[4],Input,PIN_W12,7,B7_N1,PIN_W12,,,,
SW[3],Input,PIN_V12,7,B7_N1,PIN_V12,,,,
SW[2],Input,PIN_M22,6,B6_N0,PIN_M22,,,,
SW[1],Input,PIN_L21,5,B5_N1,PIN_L21,,,,
SW[0],Input,PIN_L22,5,B5_N1,PIN_L22,,,,
DRAM_ADDR[0],Unknown,PIN_W4,1,B1_N1,,,,,
DRAM_ADDR[1],Unknown,PIN_W5,1,B1_N1,,,,,
DRAM_ADDR[2],Unknown,PIN_Y3,1,B1_N1,,,,,
DRAM_ADDR[3],Unknown,PIN_Y4,1,B1_N1,,,,,
DRAM_ADDR[4],Unknown,PIN_R6,1,B1_N1,,,,,
DRAM_ADDR[5],Unknown,PIN_R5,1,B1_N1,,,,,
DRAM_ADDR[6],Unknown,PIN_P6,1,B1_N0,,,,,
DRAM_ADDR[7],Unknown,PIN_P5,1,B1_N0,,,,,
DRAM_ADDR[8],Unknown,PIN_P3,1,B1_N0,,,,,
DRAM_ADDR[9],Unknown,PIN_N4,1,B1_N0,,,,,
DRAM_ADDR[10],Unknown,PIN_W3,1,B1_N1,,,,,
DRAM_ADDR[11],Unknown,PIN_N6,1,B1_N0,,,,,
DRAM_DQ[0],Unknown,PIN_U1,1,B1_N1,,,,,
DRAM_DQ[1],Unknown,PIN_U2,1,B1_N1,,,,,
DRAM_DQ[2],Unknown,PIN_V1,1,B1_N1,,,,,
DRAM_DQ[3],Unknown,PIN_V2,1,B1_N1,,,,,
DRAM_DQ[4],Unknown,PIN_W1,1,B1_N1,,,,,
DRAM_DQ[5],Unknown,PIN_W2,1,B1_N1,,,,,
DRAM_DQ[6],Unknown,PIN_Y1,1,B1_N1,,,,,
DRAM_DQ[7],Unknown,PIN_Y2,1,B1_N1,,,,,
DRAM_DQ[8],Unknown,PIN_N1,1,B1_N0,,,,,
DRAM_DQ[9],Unknown,PIN_N2,1,B1_N0,,,,,
DRAM_DQ[10],Unknown,PIN_P1,1,B1_N0,,,,,
DRAM_DQ[11],Unknown,PIN_P2,1,B1_N0,,,,,
DRAM_DQ[12],Unknown,PIN_R1,1,B1_N0,,,,,
DRAM_DQ[13],Unknown,PIN_R2,1,B1_N0,,,,,
DRAM_DQ[14],Unknown,PIN_T1,1,B1_N0,,,,,
DRAM_DQ[15],Unknown,PIN_T2,1,B1_N0,,,,,
DRAM_BA[0],Unknown,PIN_U3,1,B1_N1,,,,,
DRAM_BA[1],Unknown,PIN_V4,1,B1_N1,,,,,
DRAM_LDQM,Unknown,PIN_R7,1,B1_N0,,,,,
DRAM_UDQM,Unknown,PIN_M5,1,B1_N0,,,,,
DRAM_RAS_N,Unknown,PIN_T5,1,B1_N1,,,,,
DRAM_CAS_N,Unknown,PIN_T3,1,B1_N1,,,,,
DRAM_CKE,Unknown,PIN_N3,1,B1_N0,,,,,
DRAM_CLK,Unknown,PIN_U4,1,B1_N1,,,,,
DRAM_WE_N,Unknown,PIN_R8,1,B1_N0,,,,,
DRAM_CS_N,Unknown,PIN_T6,1,B1_N1,,,,,
