<?xml version="1.0" encoding="UTF-8"?>
<preferences>
 <debug showDebugMenu="0" />
 <systemtable>
  <columns>
   <connections preferredWidth="47" />
   <irq preferredWidth="34" />
  </columns>
 </systemtable>
 <clocktable>
  <columns>
   <clockname preferredWidth="169" />
   <clocksource preferredWidth="169" />
   <frequency preferredWidth="157" />
  </columns>
 </clocktable>
 <library
   expandedCategories="Library,Library/Memories and Memory Controllers/External Memory Interfaces/SDRAM Interfaces,Project,Library/Memories and Memory Controllers,Library/Memories and Memory Controllers/External Memory Interfaces" />
 <window width="817" height="890" x="70" y="19" />
</preferences>
