<?xml version="1.0" encoding="UTF-8"?>
<preferences>
 <debug showDebugMenu="0" />
 <systemtable filter="Default">
  <columns>
   <opcodeName visible="0" />
   <connections preferredWidth="30" />
   <irq preferredWidth="34" />
   <export visible="0" />
  </columns>
 </systemtable>
 <clocktable>
  <columns>
   <clockname preferredWidth="119" />
   <clocksource preferredWidth="119" />
   <frequency preferredWidth="99" />
  </columns>
 </clocktable>
 <window width="817" height="453" x="-9" y="19" />
</preferences>
